{
  "IcoMoonType": "selection",
  "icons": [
    {
      "icon": {
        "paths": [
          "M726 554v-84h-428v84h428zM512 86q176 0 301 125t125 301-125 301-301 125-301-125-125-301 125-301 301-125z"
        ],
        "attrs": [],
        "isMulticolor": false,
        "isMulticolor2": false,
        "tags": [
          "remove_circle",
          "do_not_disturb_on"
        ],
        "grid": 24
      },
      "attrs": [],
      "properties": {
        "ligatures": "remove_circle, do_not_disturb_on",
        "id": 167,
        "order": 6,
        "prevSize": 24,
        "name": "remove_circle"
      },
      "setIdx": 0,
      "setId": 3,
      "iconIdx": 167
    },
    {
      "icon": {
        "paths": [
          "M426 726l384-384-60-62-324 324-152-152-60 60zM512 86q176 0 301 125t125 301-125 301-301 125-301-125-125-301 125-301 301-125z"
        ],
        "attrs": [],
        "isMulticolor": false,
        "isMulticolor2": false,
        "tags": [
          "check_circle"
        ],
        "grid": 24
      },
      "attrs": [],
      "properties": {
        "ligatures": "check_circle",
        "id": 732,
        "order": 5,
        "prevSize": 24,
        "name": "check_circle"
      },
      "setIdx": 0,
      "setId": 3,
      "iconIdx": 732
    }
  ],
  "height": 1024,
  "preferences": {
    "showGlyphs": true,
    "showQuickUse": true,
    "showQuickUse2": true,
    "showSVGs": true,
    "fontPref": {
      "prefix": "icon-",
      "metadata": {
        "fontFamily": "icomoon"
      },
      "metrics": {
        "emSize": 1024,
        "baseline": 6.25,
        "whitespace": 50
      },
      "embed": false
    },
    "imagePref": {
      "prefix": "icon-",
      "png": false,
      "useClassSelector": true,
      "color": 0,
      "bgColor": 16777215,
      "classSelector": ".icon",
      "name": "icomoon",
      "height": 32,
      "columns": 16,
      "margin": 16
    },
    "historySize": 50,
    "showCodes": true,
    "gridSize": 16
  }
}